user_id,fname,lname,IsVerified,phonenumbr,emailaddress
1001,Sammie,Antosik,1,1368571514,santosik0@histats.com
1002,Hadrian,Wandrack,1,4803082332,hwandrack1@theguardian.com
1003,Rhoda,Maylott,1,5937254406,rmaylott2@telegraph.co.uk
1004,Gray,Harp,1,7941452685,gharp3@booking.com
1005,Crin,Dade,1,4092846290,cdade4@skyrock.com
1006,Kettie,Parrington,1,6393409436,kparrington5@canalblog.com
1007,Eustacia,Oloshin,0,5427003266,eoloshin6@shinystat.com
1008,Rudyard,Rawdales,0,8996041122,rrawdales7@cyberchimps.com
1009,Lexy,Broxup,0,4462403487,lbroxup8@google.cn
1010,Skipp,Ritmeier,0,4784809651,sritmeier9@ftc.gov
1011,Harwilll,Nottingham,1,3589108894,hnottinghama@bravesites.com
1012,Meryl,Hendrichs,1,4856312936,mhendrichsb@nhs.uk
1013,Anallese,Drew,1,8051263006,adrewc@yellowpages.com
1014,Terry,Carillo,0,3416450043,tcarillod@bloomberg.com
1015,Donielle,Garvagh,1,3710480469,dgarvaghe@infoseek.co.jp
1016,Bobbye,McKerley,1,4147139965,bmckerleyf@nsw.gov.au
1017,Ignacius,Aupol,0,5463910103,iaupolg@jiathis.com
1018,Sly,Couth,0,5712943255,scouthh@uol.com.br
1019,Kare,Hart,1,1328148785,kharti@google.co.jp
1020,Gay,Peddowe,0,193520745,gpeddowej@plala.or.jp
1021,Bradly,Ivett,1,567298930,bivettk@sciencedaily.com
1022,Jacquelin,Gouley,1,4173274769,jgouleyl@fema.gov
1023,Zaneta,Tembey,1,3479645577,ztembeym@unicef.org
1024,Belle,Dabinett,1,9091179953,bdabinettn@dell.com
1025,Rikki,Garwill,1,1400888700,rgarwillo@twitpic.com
1026,Salvador,Brandin,1,4304039962,sbrandinp@vinaora.com
1027,Laurie,Kloster,1,500527253,lklosterq@pen.io
1028,Philomena,Belvin,1,5143760283,pbelvinr@symantec.com
1029,Cris,Sifleet,1,8899050465,csifleets@ezinearticles.com
1030,Gena,Ambroziak,0,9595091871,gambroziakt@arstechnica.com
1031,Juli,Blofield,0,8043955905,jblofieldu@google.pl
1032,Glynis,Slowgrave,1,4740530562,gslowgravev@dedecms.com
1033,Chauncey,Kinder,1,2529773823,ckinderw@about.com
1034,Evered,Campsall,0,7907450179,ecampsallx@chron.com
1035,Rheba,Stuchburie,1,1060537125,rstuchburiey@epa.gov
1036,Carlyle,McCathie,0,6325922123,cmccathiez@networksolutions.com
1037,Elise,Robuchon,0,8377110245,erobuchon10@noaa.gov
1038,Hollie,Fick,1,2581086769,hfick11@zimbio.com
1039,Oates,Burkinshaw,0,142145467,oburkinshaw12@usda.gov
1040,Elnore,Siccombe,0,9522596221,esiccombe13@cloudflare.com
1041,Worth,Dartnall,0,8454381236,wdartnall14@tinyurl.com
1042,Royal,Kembery,0,9206524771,rkembery15@youku.com
1043,Doria,Birth,1,8889812354,dbirth16@dyndns.org
1044,Bronny,Canny,1,9873307230,bcanny17@example.com
1045,Astrix,Gartrell,1,1907556699,agartrell18@quantcast.com
1046,Zandra,Flaxman,1,8472945138,zflaxman19@delicious.com
1047,Arron,Seavers,1,6657183739,aseavers1a@mtv.com
1048,Kane,Tanby,1,8402862004,ktanby1b@chicagotribune.com
1049,Shermie,Cords,0,1780679238,scords1c@dot.gov
1050,Mateo,Vise,0,1226045677,mvise1d@goodreads.com
